SUJETO 1,RELACION,SUJETO 2
Calico,Year Released,2020
Calico,Designer,Kevin Russ
Calico,Solo Designer,Shawn Stankewich
Calico,Artist,Beth Sobel
Calico,Publisher,Flatout Games
Calico,Publisher,Alderac Entertainment Group
Calico,Publisher,Arclight Games
Calico,Publisher,CrowD Games
Calico,Publisher,Cryptic Cardboard
Calico,Publisher,Gém Klub Kft
Calico,Publisher,Grok Games
Calico,Publisher,Hid Konem (Xip KoheM)
Calico,Publisher,Kaissa Chess & Games
Calico,Publisher,Little Rocket Games
Calico,Publisher,Lord of Boards
Calico,Publisher,Lucky Duck Games
Calico,Publisher,Maldito Games
Calico,Publisher,MINDOK
Calico,Publisher,Popcorn Games
Calico,Publisher,Ravensburger
Calico,Publisher,White Goblin Games
Calico,Developer,David lezzi
Calico,Developer,Molly Johnson
Calico,Developer,Robert Melvin
Calico,Developer,Kevin Russ
Calico,Developer,Shawn Stankewich
Calico,Graphic Designer,Dylan Mangini
Calico,Graphic Designer,Kevin Russ
Calico,Graphic Designer,Shawn Stankewich
Calico,Categorie,Animals
Calico,Categorie,Puzzle
Calico,Mechanism,Enclosure
Calico,Mechanism,End Game Bonuses
Calico,Mechanism,Grid Coverage
Calico,Mechanism,Hexagon Grid
Calico,Mechanism,Open Drafting
Calico,Mechanism,Pattern Building
Calico,Mechanism,Set Collection
Calico,Mechanism,Solo / Solitaire Game
Calico,Mechanism,Tile Placement
Calico,Family,Animals: Cats
Calico,Family,Crowdfunding: Kickstarter
Calico,Family,Digital Implementations: Apple App Store
Calico,Family,Digital Implementations: Steam
Calico,Family,Digital Implementations: Tabletopia
Calico,Family,Players: Games with Solitaire Rules
Calico,Family,Series: Calico
Calico,Family,Theme: Sewing / Knitting / Cloth-Making
